,City,Quality of Life Index,Purchasing Power Index,Safety Index,Health Care Index,Cost of Living Index,Property Price to Income Ratio,Traffic Commute Time Index,Pollution Index,Climate Index,Country
0,Adelaide,1.0000000000000002,0.6887331454254589,0.7663385288487834,0.8690353232803139,0.5193264113079138,0.06617482673820702,0.14781567923399164,0.057811174403102655,0.9419731465265615,Australia
1,Canberra,0.9917161226508409,0.6481298087910413,0.8593109105824448,0.8783309233629415,0.5559724282348834,0.09031969595349876,0.14841412327947345,0.0066658586837959055,0.7990659661412726,Australia
2,Wellington,0.9803412462908012,0.6606231431400928,0.7686628383921249,0.7432348688287544,0.5024866940057585,0.10105074893807289,0.22202274087372836,0.0038783177796630763,0.9737302977232924,New Zealand
3,Raleigh,0.9755192878338279,0.8727812904700235,0.6867651080120318,0.7581078289609586,0.4388796789110897,0.03644086742678292,0.3123877917414723,0.11235001817961457,0.8126094570928195,"NC, United States"
4,Zurich,0.958704253214639,0.8234173840176734,0.9335520918785891,0.7647180334641603,0.9999999999999998,0.1444220880840599,0.3425094753640536,0.048115379953944964,0.7845884413309983,Switzerland
5,The Hague (Den Haag),0.947082096933729,0.6309895634950864,0.8137817883511076,0.8076843627349721,0.4508332606229821,0.09881511289961994,0.25354079393576706,0.08156587080353897,0.8911850554582603,Netherlands
6,Madison,0.9328016815034621,0.7877656738020872,0.7086409625375993,0.825655856228052,0.4171538260186719,0.045606975184439964,0.1392379812487533,0.07574839413404436,0.43619381202568597,"WI, United States"
7,Columbus,0.9253832838773492,0.8549554353622304,0.5639868744872848,0.7285684775872754,0.4558939010557541,0.02012072434607646,0.17853580690205467,0.1451945218761362,0.6656158785755985,"OH, United States"
8,Austin,0.9089391691394662,0.9126990172926028,0.6683073557560844,0.6562693658335055,0.36785620800977215,0.045606975184439964,0.34929184121284657,0.277905708398982,0.7915936952714535,"TX, United States"
9,Brisbane,0.9043026706231456,0.6635941189913918,0.675963904840033,0.8946498657302211,0.5569322048686849,0.09836798569192937,0.46718531817275094,0.1035026057447582,0.9782837127845883,Australia
10,Eindhoven,0.9022626112759644,0.5749219166603183,0.8289581624282201,0.704813055153894,0.5386964488264548,0.10887547507265816,0.1743466985836825,0.11162283359592776,0.8301225919439579,Netherlands
11,Victoria,0.902200791295747,0.5925954140321474,0.6748701121137547,0.639743854575501,0.4516185324142744,0.12787838139950813,0.2365848793137842,0.020724760635074557,0.9134851138353766,Canada
12,Charlotte,0.8977497527200793,0.839338767425916,0.5535958435876402,0.7221648419747986,0.45179303725678377,0.03264028616141291,0.3706363455016956,0.1830081202278512,0.8145942790426153,"NC, United States"
13,Vienna,0.8924950544015828,0.5906909423325969,0.8124145474432596,0.8266887006816774,0.4400139603874007,0.2586630896490051,0.19748653500897678,0.0535692643315962,0.787974314068885,Austria
14,Geneva,0.8816147378832839,0.7611030700083796,0.7850697292863004,0.7056393307167941,0.9673675944507458,0.17661524703778222,0.17713943746259725,0.15876863410495698,0.7977816695855224,Switzerland
15,Richmond,0.8806874381800198,0.7347451816866,0.5422477440525021,0.7217517041933486,0.41383823401099373,0.05119606528057231,0.10672252144424504,0.2216701005938674,0.7821366024518388,"VA, United States"
16,San Diego,0.8797601384767559,0.783880551535004,0.6585999453103638,0.6451146457343526,0.5177558677253292,0.08249496981891347,0.34290843806104127,0.26299842443340204,0.9667250437828372,"CA, United States"
17,Perth,0.8776582591493571,0.6826388359868972,0.58066721356303,0.7990084693245196,0.5563214379199022,0.10686340263805053,0.3834031518053062,0.12010665373894072,0.9507297139521307,Australia
18,Bergen,0.8771018793273988,0.584139559686143,0.7737216297511623,0.7612063623218344,0.7258528924177644,0.13413816230717637,0.14282864552164376,0.09247363955884133,0.7536485697606538,Norway
19,Copenhagen,0.8733926805143424,0.5724080140169115,0.781241454744326,0.8006610204503204,0.6684407992321785,0.1529175050301811,0.23937761819269904,0.0935644164343716,0.8109748978400466,Denmark
20,Luxembourg,0.8732072205736896,0.6906376171250095,0.7811047306535414,0.7351786820904773,0.6000349009685018,0.22602280348759218,0.3317374825453821,0.08980729608532298,0.7978984238178635,Luxembourg
21,Buffalo,0.8644906033630071,0.6480536299230593,0.5426579163248565,0.7833092336294156,0.45432335747316976,0.010283925776883515,0.11091162976261726,0.1415585989577021,0.6088733216579102,"NY, United States"
22,Dallas,0.8611523244312562,0.9999999999999999,0.4781241454744327,0.5513323693451766,0.3832126341505976,0.017885088307623517,0.3712347895471774,0.3463822566961581,0.7889083479276123,"TX, United States"
23,Seattle,0.8556503461918894,0.8484802315837585,0.48632759092152045,0.7141086552365212,0.598551609807172,0.08227140621506818,0.4979054458408139,0.1853108714095261,0.9042615294804437,"WA, United States"
24,Reykjavik,0.8548466864490605,0.4569970290241486,0.8561662564943944,0.5734352406527579,0.6794346043102695,0.11222892913033758,0.06842210253341313,0.02605744758211126,0.6366608289550496,Iceland
25,Quebec City,0.8520029673590506,0.6283994819836977,0.9559748427672958,0.6674240859326586,0.40563650641305293,0.06729264475743346,0.22541392379812492,0.1933099018300812,0.39346176298890834,Canada
26,Kansas City,0.8495301681503462,0.7902033975775119,0.34550177741318033,0.8361908696550302,0.41863711718000163,0.01632014308070645,0.1930979453421105,0.22651799781844625,0.7098657326328079,"MO, United States"
27,Calgary,0.8411226508407519,0.787232421726213,0.6862182116488927,0.7748399091096883,0.46043102696099814,0.04828973843058349,0.2691003391182925,0.12919646103502605,0.21961471103327498,Canada
28,Sydney,0.8401953511374878,0.6587948503085242,0.697429587093246,0.8056186738277216,0.5953232702207485,0.17572099262240107,0.5322162377817674,0.16385892619076478,0.9666082895504962,Australia
29,Helsinki,0.8389589515331355,0.556562809476651,0.812277823352475,0.796736211526544,0.5283134106971468,0.25106192711826514,0.2864552164372632,0.0,0.5663747810858143,Finland
30,Edinburgh,0.8386498516320475,0.521444351336939,0.739814055236533,0.8628382565585624,0.48058633627083136,0.16118935837245696,0.244165170556553,0.17343352320930797,0.8141272621132517,United Kingdom
31,Muscat,0.8353115727002969,0.6127828140473832,0.8697019414820895,0.4288370171452178,0.27423436000349005,0.0773530069304717,0.08876920007979255,0.28432917222154885,0.618096906012843,Oman
32,Munich,0.8346933728981207,0.6163632208425383,0.9164615805304897,0.8103697583143981,0.5333740511299188,0.3290856248602727,0.32774785557550373,0.14046782208217187,0.7203736135434909,Germany
33,Portland,0.8303041543026708,0.692313552220614,0.4911129340989884,0.7213385664118985,0.5043189948521071,0.06237424547283701,0.32854578096947934,0.21645861107744516,0.8789258610624635,"OR, United States"
34,San Jose,0.8300568743818002,0.9252685305096365,0.5216024063439979,0.70873786407767,0.5031847133757961,0.11625307399955287,0.42888489926191903,0.40237546964004367,0.9486281377699941,"CA, United States"
35,Vancouver,0.8292532146389715,0.6296183438714099,0.6594202898550726,0.7548027267093576,0.48285489922345337,0.22043371339145984,0.41133054059445445,0.1312568173554721,0.8974897840046703,Canada
36,Melbourne,0.826656775469832,0.6981793250552296,0.5494941208640963,0.7471596777525307,0.5370386528226158,0.16230717639168343,0.4781567923399163,0.15331474972730577,0.9342673671920607,Australia
37,Reno,0.8248639960435216,0.8102384398567837,0.534317746786984,0.4817186531708326,0.40572375883430756,0.04605410239213056,0.16935966487133464,0.23051751302872378,0.5604203152364273,"NV, United States"
38,Belfast,0.8216493570722059,0.566618420050278,0.6117035821711787,0.6779590993596363,0.39211238111857594,0.06036217303822936,0.42429682824655907,0.17597866925221187,0.8938704028021016,United Kingdom
39,Ottawa,0.8209693372898121,0.591071836672507,0.8043478260869568,0.7446808510638299,0.4473431637727947,0.09210820478426113,0.29084380610412935,0.0953823778935887,0.3523642732049037,Canada
40,Dusseldorf,0.8197329376854601,0.6091262283842461,0.733661471151217,0.6901466639124147,0.4490882121978883,0.18421640956852223,0.27328944743666467,0.2368197794206763,0.8416812609457094,Germany
41,Liverpool,0.8180637982195846,0.5513064675858915,0.5514082581350835,0.9665358397025408,0.4271006020417065,0.1446456516879052,0.32216237781767404,0.20433886801599807,0.8942206654991245,United Kingdom
42,Tampa,0.8165801186943622,0.7182143673345013,0.48468690183210295,0.6139227432348688,0.5117354506587557,0.04024144869215291,0.3836026331538002,0.20118773482002186,0.8218330414477525,"FL, United States"
43,Frankfurt,0.8145400593471812,0.7117391635560295,0.5851791085589282,0.7322867176203265,0.47770700636942665,0.18578135479543928,0.16935966487133464,0.2962065204217671,0.8224168126094571,Germany
44,Saint Louis,0.8120672601384769,0.8413194179934486,0.1960623461853979,0.8770915100185912,0.4131402146409562,0.007601162530739988,0.21045282266108128,0.29887286389528545,0.7060128429655574,"MO, United States"
45,Glasgow,0.8060089020771515,0.6289327340595717,0.5581077385835386,0.8609791365420367,0.42116743739638773,0.11245249273418287,0.3427089567125475,0.2622712398497151,0.8231173380035026,United Kingdom
46,Cincinnati,0.805143422354105,0.7716919326578806,0.4964451736395954,0.6166081388142945,0.3730913532850536,0.021014978761457637,0.16517055655296237,0.3694097685129075,0.6883829538820782,"OH, United States"
47,Nashville,0.8000741839762613,0.7824331530433457,0.5045118949958983,0.5170419334848173,0.4473431637727947,0.03375810418063938,0.4442449630959507,0.27111865228457155,0.8025685931115002,"TN, United States"
48,Utrecht,0.7998887240356083,0.49310581244762697,0.7782335247470605,0.7246436686634994,0.553005845912224,0.16633132126089872,0.30341113105924605,0.21003514725487824,0.850904845300642,Netherlands
49,Indianapolis,0.799023244312562,0.8407861659175744,0.37079573420836753,0.7041933484817189,0.3903673326934822,0.014084507042253523,0.24855376022341918,0.34468549266755555,0.6496205487448921,"IN, United States"
50,Valencia,0.7953140454995056,0.45265483354917335,0.8069455838118678,0.8723404255319152,0.3012826105924438,0.13525598032640285,0.25912627169359675,0.3943764392194886,0.9288966725043784,Spain
51,Abu Dhabi,0.7903684470820971,0.619410375561819,1.0000000000000002,0.6690766370584591,0.3392374138382339,0.07869438855354349,0.19389587073608622,0.39001333171736763,0.3457092819614711,United Arab Emirates
52,Jacksonville,0.7895029673590506,0.7700159975622761,0.3642329778506974,0.6312745300557736,0.4239595148765377,0.03196959534987704,0.3714342708956712,0.3059023148709248,0.8584938704028022,"FL, United States"
53,Gothenburg,0.7890702274975272,0.570046469109469,0.5229696472518459,0.6124767609997932,0.5247360614257044,0.1853342275877487,0.18771194893277482,0.0906556780996243,0.7380035026269701,Sweden
54,Cambridge,0.7880192878338281,0.4882303648967775,0.7776866283839214,0.7203057219582731,0.4763982200506064,0.2101497876145763,0.3381208856971874,0.22833595927766334,0.9000583771161705,United Kingdom
55,San Antonio,0.7876483679525224,0.7203473756379979,0.4922067268252668,0.6845693038628384,0.3815548381467585,0.02280348759221998,0.27707959305804913,0.3832262756029573,0.7740805604203153,"TX, United States"
56,Tallinn,0.7864737883283879,0.3834082425535156,0.8501503964998633,0.668456930386284,0.3343512782479713,0.18309859154929578,0.20267305006981856,0.11198642588777116,0.5837711617046117,Estonia
57,Tucson,0.7862883283877351,0.6481298087910413,0.46704949412086416,0.4158231770295393,0.40397871040921385,0.03577017661524703,0.25194494314781574,0.1552539086171373,0.6816112084063046,"AZ, United States"
58,Minneapolis,0.7861646884272997,0.7777100632284603,0.44339622641509446,0.8165668250361497,0.5373876625076345,0.0480661748267382,0.39796529024536215,0.15973821354987275,0.41074138937536486,"MN, United States"
59,Kelowna,0.7857319485657766,0.5830730555343947,0.4699207000273449,0.7506713488948566,0.40092487566529966,0.0849541694612117,0.24516257729902252,0.09950309053448067,0.5297139521307647,Canada
60,Spokane,0.7845573689416421,0.6031080978136664,0.41304347826086973,0.5110514356537905,0.45912224064217777,0.08786049631120055,0.1420307201276681,0.0776875530238759,0.6169293636894337,"WA, United States"
61,Boston,0.7825791295746787,0.6826388359868972,0.6721356302980587,0.7477793844247058,0.596893813803333,0.15090543259557346,0.5747057650109717,0.16591928251121077,0.670753064798599,"MA, United States"
62,Graz,0.7797972304648864,0.4902871943322922,0.8083128247197158,0.8089237760793224,0.5112119361312275,0.16431924882629106,0.2106523040095752,0.2885710822930554,0.6964389959136019,Austria
63,Sacramento,0.7765825914935709,0.7021406261902947,0.48701121137544445,0.6316876678372236,0.48730477270744255,0.09501453163424994,0.20706163973668462,0.388558962549994,0.8915353181552832,"CA, United States"
64,Rotterdam,0.7747898120672603,0.5511541098499275,0.6673502871205907,0.7841355091923157,0.5004798883169006,0.12295998211491169,0.2677039696788351,0.3534117076717974,0.8594279042615294,Netherlands
65,Amsterdam,0.7741716122650841,0.5275386607755007,0.6972928630024611,0.6337533567444742,0.5751679609109152,0.21193829644533868,0.25952523439058456,0.21282268815901104,0.8542907180385289,Netherlands
66,Albuquerque,0.7738006923837786,0.7179096518625733,0.20057424118129616,0.570956413964057,0.3891457987959165,0.03554661301140174,0.16975862756832244,0.14289177069446127,0.6162288382953882,"NM, United States"
67,Cork,0.7733679525222554,0.47642264035956416,0.6897730380092973,0.38938235901673224,0.5668789808917196,0.1073105298457411,0.350887692000798,0.1345291479820628,0.8814944541739638,Ireland
68,Halifax,0.7729970326409497,0.538736954368858,0.6059611703582173,0.6426358190456518,0.48224413227467056,0.09613234965347639,0.256134051466188,0.11186522845715671,0.5220081727962639,Canada
69,Leeds,0.7712660731948566,0.6053934638531271,0.5808039376538147,0.901879776905598,0.39185062385481195,0.10842834786496758,0.29603032116497113,0.40116349533389895,0.8208990075890251,United Kingdom
70,Edmonton,0.7702151335311576,0.7006170488306543,0.575198249931638,0.8173931005990498,0.4524910566268212,0.04694835680751173,0.2617195292240176,0.19633983759544296,0.20817279626386456,Canada
71,Pittsburgh,0.7659495548961426,0.689266397501333,0.6413727098714794,0.7419954554844042,0.5131314893988307,0.025486250838363506,0.4278874925194495,0.3873469882438493,0.6754232340922358,"PA, United States"
72,Vilnius,0.7652077151335313,0.37388588405576284,0.780557834290402,0.6732080148729602,0.24352150772183923,0.2123854236530293,0.2176341512068622,0.12313658950430253,0.6107413893753649,Lithuania
73,Stuttgart,0.7642804154302671,0.6475203778471851,0.7645611156685809,0.683536459409213,0.45030974609545404,0.1828750279454505,0.36584879313784174,0.3811659192825112,0.7798015178050204,Germany
74,Ljubljana,0.761498516320475,0.34646149158223505,0.863959529669128,0.5655856228052054,0.36366809178954707,0.26380505253744685,0.22162377817674045,0.11428917706944611,0.7218914185639229,Slovenia
75,Orlando,0.7605093966369931,0.6622228993677153,0.4477713973202079,0.48708944432968404,0.42317424308524554,0.038452939861390555,0.40434869339716745,0.2695430856865835,0.8517221249270286,"FL, United States"
76,Auckland,0.7590257171117707,0.5474975241867904,0.5284386108832377,0.704813055153894,0.5578919815024865,0.21529175050301808,0.41192898463993616,0.19609744273421406,0.9995329830706363,New Zealand
77,Denver,0.7522873392680516,0.8194560828826083,0.5678151490292591,0.6197066721751705,0.4631358520198934,0.0632684998882182,0.39796529024536215,0.3570476305902315,0.49036777583187385,"CO, United States"
78,Anchorage,0.7512982195845699,0.7454864020720652,0.2929997265518185,0.45961578186325136,0.6223715208097023,0.03219315895372233,0.21025334131258727,0.039025572657859636,0.3190893169877408,"AK, United States"
79,Oslo,0.750680019782394,0.5551915898529747,0.6791085589280832,0.7653377401363355,0.7437396387749758,0.20254862508383634,0.30321164971075204,0.1287116713125682,0.5336835960303561,Norway
80,Houston,0.7485781404549952,0.9594728422335644,0.28424938474159156,0.6765131171245611,0.39464270133496193,0.014755197853789398,0.49910233393177755,0.5179978184462489,0.8318739054290718,"TX, United States"
81,Salt Lake City,0.7440652818991098,0.885198445951093,0.7153404429860543,0.6705226192935343,0.3752726638164209,0.1227364185110664,0.3750249351685618,0.6023512301539208,0.6099241097489784,"UT, United States"
82,Hamburg,0.7433234421364985,0.549478174754323,0.5663111840306263,0.7386903532328033,0.46749847308262793,0.23250614799910574,0.35467783762218236,0.2080959883650467,0.7994162288382953,Germany
83,Atlanta,0.7429525222551929,0.8426144587491429,0.3100902378999181,0.5870687874406115,0.48285489922345337,0.05007824726134585,0.5100738080989429,0.3818931038661981,0.8809106830122593,"GA, United States"
84,Washington,0.7428907022749753,0.7822807953073817,0.3671041837571781,0.655029952489155,0.5541401273885349,0.07712944332662641,0.4819469379613008,0.313174160707793,0.7862230005837713,"DC, United States"
85,Mangalore,0.7415924826904055,0.34219547497524183,0.8114574788077662,0.7961165048543688,0.023994415845039696,0.11357031075340934,0.30979453421105135,0.3107502120955036,0.6114419147694105,India
86,Kaunas,0.7402324431256182,0.34958482516949796,0.6319387476073285,0.7186531708324726,0.22982287758485292,0.19450033534540576,0.1482146419309795,0.15379953944976368,0.6381786339754816,Lithuania
87,Mississauga,0.7357814045499504,0.5746933800563723,0.583264971287941,0.6554430902706054,0.4474304161940492,0.1374916163648558,0.44244963095950535,0.13222639680038786,0.5188558085230589,Canada
88,Berlin,0.7336795252225521,0.5971661461110687,0.5952966912770031,0.6389175790126007,0.45057150335921814,0.18824055443773755,0.3401156991821264,0.3159617016119258,0.8064214827787507,Germany
89,Oakland,0.7289193867457964,0.6283233031157156,0.28520645337708506,0.8258624251187772,0.5995113864409737,0.14352783366867872,0.4205066826251746,0.26724033450490847,0.9587857559836546,"CA, United States"
90,Cologne,0.7237883283877349,0.5982326502628169,0.5680885972108286,0.741788886593679,0.45196754209929324,0.19695953498770397,0.3945741073209656,0.3409283723185069,0.823934617629889,Germany
91,Timisoara,0.7172354104846685,0.40298621162489523,0.8281378178835113,0.7000619706672175,0.15173196056190558,0.14285714285714285,0.14143227608218634,0.5372682099139499,0.7912434325744307,Romania
92,Montreal,0.713278931750742,0.573550697036642,0.7592288761279739,0.534187151414997,0.4168048163336532,0.12765481779566284,0.4572112507480552,0.24081929463095383,0.4447168709865732,Canada
93,San Francisco,0.7122898120672603,0.8922830806734211,0.39048400328137833,0.5422433381532741,0.6323182968327369,0.14397496087636932,0.6920007979253939,0.41231365895043026,0.9688266199649738,"CA, United States"
94,Brno,0.7116097922848665,0.38264645387369534,0.7950505879135905,0.7254699442263997,0.2515487304772707,0.2512854907221104,0.19449431478156792,0.36456187128832873,0.745942790426153,Czech Republic
95,Zagreb,0.711547972304649,0.3028110002285366,0.853158326497129,0.5521586449080769,0.28950353372306076,0.26648781578359043,0.3006183921803312,0.22191249545509636,0.7928779918272036,Croatia
96,Bursa,0.70919881305638,0.18054391711739162,0.7749521465682255,0.8209047717413758,0.09205130442369774,0.1220657276995305,0.32156393377219233,0.37159132226396807,0.9236427320490368,Turkey
97,Cleveland,0.7088278931750742,0.5273863030395367,0.2735849056603774,0.9093162569717002,0.4777942587906814,0.007377598926894699,0.34171154997007785,0.2823900133317174,0.6868651488616462,"OH, United States"
98,Prague,0.7077769535113749,0.38196084406185715,0.8274541974295873,0.7372443709977277,0.2752813890585463,0.36709143751397266,0.3139836425294236,0.2622712398497151,0.7751313485113835,Czech Republic
99,Honolulu,0.707467853610287,0.507351260760265,0.5572873940388298,0.6920057839289404,0.6547421690951922,0.16096579476861167,0.4903251545980451,0.28457156708277787,0.9462930531231757,"HI, United States"
100,Tokyo,0.7068496538081108,0.5068941875523729,0.8393491933278645,0.8634579632307375,0.6147805601605444,0.30963559132573215,0.4851386395372033,0.36274390982911175,0.8287215411558669,Japan
101,Stockholm,0.7051805143422354,0.5404890683324445,0.5411539513262238,0.5765337740136336,0.5811883779774887,0.28325508607198746,0.3885896668661482,0.0784147376075627,0.6467016929363689,Sweden
102,Bristol,0.7023367952522255,0.4804601203626113,0.5937927262783704,0.7151414996901468,0.47465317162551257,0.19673597138385868,0.24655894673847994,0.3845594473397165,0.8666666666666667,United Kingdom
103,Dubai,0.697885756676558,0.5652472004266016,0.9313645064260325,0.5897541830200372,0.40197190472035593,0.08137715179968702,0.4318771194893278,0.4517028239001334,0.4201984821949796,United Arab Emirates
104,Porto,0.6923837784371909,0.22830806734211925,0.659830462127427,0.742202024375129,0.2912485821481545,0.27230046948356806,0.23319369638938764,0.2585141195006666,0.9612375948628138,Portugal
105,Doha,0.6876236399604352,0.6034889921535765,0.9931637954607604,0.7027473662466432,0.37745397434778805,0.10239213056114463,0.2794733692399762,0.5704763059023149,0.2539404553415061,Qatar
106,Baltimore,0.6863254203758655,0.7077016835529822,0.13768115942028988,0.7777318735798389,0.45763894948084793,0.02257992398837469,0.28984639936165973,0.4489152829960006,0.781786339754816,"MD, United States"
107,Lisbon,0.6859545004945597,0.28269977908128285,0.7716707683893904,0.6742408593265854,0.29735625163598284,0.3380281690140845,0.3826052264113306,0.26905829596412556,0.9843549328663164,Portugal
108,Phoenix,0.6761251236399606,0.808029252685305,0.44544708777686637,0.5713695517455071,0.40005235145275275,0.042029957522915266,0.3044085378017157,0.5295115743546237,0.46094570928196144,"AZ, United States"
109,Cluj-Napoca,0.6748887240356083,0.3089053096670983,0.8706590101175828,0.5296426358190458,0.17764592967454845,0.24569640062597803,0.2431677638140835,0.3580172100351473,0.7013426736719205,Romania
110,Antwerp,0.6719831849653808,0.5231202864325435,0.646431501230517,0.8595331543069615,0.5106884216036993,0.09903867650346523,0.4097346898065031,0.5793237183371713,0.8305896088733217,Belgium
111,Miami,0.6688921859545005,0.5655519158985297,0.4310910582444628,0.49617847552158634,0.4996073641043538,0.08540129666890228,0.5344105326152004,0.3159617016119258,0.8337419731465265,"FL, United States"
112,Regina,0.6648738872403561,0.6562047687971355,0.43874760732841134,0.5963643875232392,0.4442893290288804,0.0663983903420523,0.011769399561141036,0.28711671312568177,0.0,Canada
113,Toronto,0.6630811078140455,0.5743124857164621,0.6130708230790266,0.7632720512290849,0.4782305208969547,0.24189581936060806,0.5659285856772391,0.29608532299115264,0.5962638645650904,Canada
114,Lyon,0.6614737883283879,0.4815266245143597,0.5406070549630846,0.7946705226192936,0.5359916237675595,0.1775095014531634,0.3425094753640536,0.457520300569628,0.8666666666666667,France
115,Las Vegas,0.6599282888229476,0.7623981107640739,0.3895269346458847,0.34889485643462104,0.4191606317075298,0.03621730382293762,0.21444244963095954,0.4820021815537511,0.5034442498540572,"NV, United States"
116,Milwaukee,0.658444609297725,0.5146644320865391,0.22053595843587645,0.5538111960338774,0.5242125468981763,0.03890006706908115,0.23798124875324161,0.19633983759544296,0.5450087565674255,"WI, United States"
117,Madrid,0.6530044510385757,0.39102612935171777,0.7555373256767844,0.8302003718240034,0.3911526044847743,0.2642521797451374,0.3710353081986835,0.4796994303720762,0.8311733800350263,Spain
118,Manchester,0.6513971315529181,0.591452731012417,0.39007383100902393,0.8159471183639744,0.4503969985167088,0.13413816230717637,0.48055056852184336,0.4801842200945341,0.8484530064214828,United Kingdom
119,Chicago,0.6500370919881306,0.73512607602651,0.2716707683893902,0.5678578806031811,0.5191519064654043,0.05589090096132348,0.5078795132655098,0.36577384559447346,0.6051371862230006,"IL, United States"
120,Bratislava,0.6492952522255193,0.37502856707549315,0.7337981952420017,0.38587068787440604,0.2775499520111682,0.2731947238989492,0.27887492519449436,0.33402011877348203,0.7757151196730881,Slovakia
121,Haifa,0.6444114737883284,0.5097889845356897,0.7832923161060981,0.7190663086139228,0.558066486344996,0.16253073999552872,0.2611210851785359,0.7447582111259242,0.9257443082311734,Israel
122,Birmingham,0.6430514342235409,0.4942484954673573,0.3434509160514083,0.7279487709151002,0.4354768344821568,0.12497205454951932,0.31797326949930177,0.43885589625499943,0.8567425569176883,United Kingdom
123,Riyadh,0.6428041543026706,0.5820827302506284,0.7871205906480724,0.534600289196447,0.2778117092749323,0.027945450480661736,0.27029722720925603,0.6221064113440796,0.3522475189725628,Saudi Arabia
124,Singapore,0.6329747774480712,0.5622000457073207,0.7068635493573969,0.6601941747572815,0.5646104179390977,0.3986139056561591,0.4903251545980451,0.24021330747788142,0.5040280210157618,Singapore
125,Brussels,0.6293892185954502,0.5852822427058734,0.46322121957888995,0.7446808510638299,0.5075473344385305,0.10127431254191818,0.4089367644125275,0.5913222639680039,0.8122591943957967,Belgium
126,Tel Aviv-Yafo,0.6280909990108803,0.4115944237068637,0.8077659283565768,0.7360049576533774,0.634848617049123,0.44936284372904084,0.4065429882306006,0.4077081565870804,0.9293636894337418,Israel
127,Winnipeg,0.6254327398615234,0.6312942789670144,0.379272627837025,0.6176409832679197,0.44123549428496633,0.052761010507489374,0.29642928386195894,0.292328202642104,0.12130764740221836,Canada
128,Riga,0.6233926805143424,0.28102384398567837,0.6391851244189227,0.45052675067134884,0.30145711543495324,0.17974513749161636,0.30460801915020946,0.30299357653617753,0.705429071803853,Latvia
129,Cape Town,0.6233926805143424,0.43528605164927237,0.14902925895542793,0.6548233835984303,0.18637117180001744,0.11983009166107758,0.5304209056453224,0.308568658344443,0.9796847635726795,South Africa
130,Hamilton,0.6225272007912959,0.5324902871943322,0.44284933005195526,0.8741995455484404,0.41471075822354064,0.12743125419181756,0.3381208856971874,0.4852745121803419,0.5461762988908349,Canada
131,Sharjah,0.6222799208704255,0.5337091490820445,0.9334153677878045,0.42780417269159265,0.27702643748364014,0.061479991057455836,0.7664073409136247,0.43606835535086663,0.33940455341506126,United Arab Emirates
132,Taipei,0.6199307616221563,0.36543002970975846,0.9738856986601041,1.0,0.4041532152517232,0.6684551754974289,0.33453022142429695,0.43606835535086663,0.8184471687098657,Taiwan
133,Limassol,0.6195598417408508,0.2980117315456692,0.7019414820891442,0.2028506506920058,0.42858389320303625,0.1788508830762352,0.0532615200478756,0.5015149678826809,0.9510799766491536,Cyprus
134,Jeddah (Jiddah),0.615108803165183,0.4788603641349889,0.7471971561389118,0.40136335467878537,0.2684757002006805,0.030404650122959974,0.24476361460203472,0.67470609623076,0.6058377116170461,Saudi Arabia
135,Nizhny Novgorod,0.6130069238377844,0.1724689571112973,0.7243642329778508,0.7593472423053089,0.11307913794607799,0.2226693494299128,0.24635946538998615,0.2494243122045813,0.3646234676007005,Russia
136,Izmir,0.6121414441147379,0.19539879637388588,0.7713973202078207,0.7025407973559183,0.09021900357734924,0.15425888665325282,0.4568122880510673,0.5611441037450007,0.9643899591360185,Turkey
137,Philadelphia,0.6109050445103859,0.5730174449607679,0.3167897183483731,0.629208841148523,0.5081581013873134,0.06550413592667115,0.450628366247756,0.47036722821476185,0.7437244600116755,"PA, United States"
138,Genoa,0.6067012858555885,0.32482669307534084,0.5676784249384743,0.6544102458169798,0.51330599424134,0.1520232506147999,0.36764412527428686,0.49097079141922195,0.9424401634559252,Italy
139,Bologna,0.6033630069238378,0.3400624666717452,0.5464861908668308,0.8180128072712249,0.48983509292382854,0.20813771517996868,0.3201675643327349,0.49812143982547574,0.8621132516053707,Italy
140,Brasilia,0.6026829871414441,0.2980117315456692,0.3117309269893356,0.21131997521173296,0.11386440973737016,0.21797451374916166,0.27129463395172554,0.24857593019028,0.9887915936952714,Brazil
141,Islamabad,0.5990356083086055,0.14138797897463243,0.7623735302160242,0.5253046891138193,0.02373265858127563,0.22401073105298458,0.36684619988031125,0.3565628408677737,0.7312317571511967,Pakistan
142,Nicosia,0.5962537091988132,0.35948807800716076,0.7132895816242822,0.2778351580252014,0.4179390978099642,0.08249496981891347,0.19030520646319576,0.6215004241910073,0.8374781085814362,Cyprus
143,New York,0.5949554896142433,0.6869810314618724,0.5157232704402517,0.469324519727329,0.6903411569671057,0.19137044489157162,0.529024536205865,0.5361774330384196,0.7633391710449503,"NY, United States"
144,Dublin,0.592359050445104,0.440694751275996,0.4804484550177742,0.2714315224127246,0.5682750196317947,0.17214397496087636,0.46898065030919617,0.321657980850806,0.836077057793345,Ireland
145,Manama,0.5879080118694362,0.2994591300373276,0.8512441892261418,0.5812848585003099,0.3256260361225024,0.16186004918399283,0.2607221224815481,0.5785965337534844,0.5841214244016346,Bahrain
146,Novi Sad,0.5839515331355094,0.22168050582768337,0.6069182389937109,0.2218549886387109,0.16499432859261842,0.2933154482450257,0.0,0.3918312931765847,0.8142440163455925,Serbia
147,Durban,0.5779549950544016,0.4166222289936772,0.052502050861361754,0.40218963024168564,0.16560509554140124,0.04717192041135703,0.199082385796928,0.4700036359229185,0.9495621716287215,South Africa
148,Barcelona,0.5739985163204748,0.3552982402681496,0.5355482636040472,0.8006610204503204,0.39525346828374486,0.27252403308741335,0.26590863754238986,0.6236819779420677,0.9509632224168127,Spain
149,Curitiba,0.5717729970326408,0.13392244991239427,0.2950505879135904,0.5647593472423054,0.08594363493586943,0.29979879275653926,0.30301216836225825,0.22470003635922917,0.9961471103327495,Brazil
150,Varna,0.5653437190900099,0.24072522282318884,0.7254580257041292,0.47696756868415613,0.17843120146584063,0.17214397496087636,0.28406144025533625,0.6061083505029694,0.8266199649737302,Bulgaria
151,Thiruvananthapuram,0.5615108803165183,0.4213453188085624,0.6121137544435331,0.3507539764511465,0.0,0.12787838139950813,0.5164572112507482,0.5143618955278149,0.5896088733216579,India
152,Ankara,0.5583580613254204,0.22777481526624513,0.6151216844407986,0.6267300144598225,0.09466887706133842,0.11692376481108877,0.40474765609415525,0.6400436310750214,0.9014594279042614,Turkey
153,Los Angeles,0.5563180019782394,0.6756303801325512,0.4958982772764563,0.4629208841148522,0.5325887793386266,0.13123183545718756,0.8781168960702175,0.6421039873954671,0.9482778750729715,"CA, United States"
154,Pretoria,0.5540924826904057,0.49874304867829666,0.03746240087503416,0.5821111340632099,0.20783526742867114,0.022356360384529393,0.568920805904648,0.516179856987032,0.9521307647402217,South Africa
155,Campinas,0.5503214638971314,0.19920773977298692,0.2508887065901012,0.46457343524065275,0.12171712765029225,0.19897160742231162,0.2375822860562538,0.38540782935401774,0.9876240513718624,Brazil
156,Iasi,0.54648862512364,0.25344709377618646,0.7596390484003283,0.3866969634373063,0.15827589215600735,0.2076905879722781,0.32874526231797335,0.5466004120712641,0.6860478692352598,Romania
157,Warsaw,0.5459322453016817,0.321627180620096,0.7962811047306537,0.4488741995455483,0.22528575167960907,0.3029286832103733,0.3684420506682626,0.559689734577627,0.7043782837127845,Poland
158,Gdansk,0.5419757665677547,0.24819075188542697,0.7270987147935468,0.22743234868828743,0.20853328679870864,0.37469260004471266,0.25194494314781574,0.38080232699066785,0.7148861646234677,Poland
159,San Juan,0.5372774480712166,0.4808410147025214,0.21438337435056062,0.4399917372443709,0.44376581450135233,0.06528057232282583,0.4159186116098145,0.45279360077566366,0.6651488616462347,Puerto Rico
160,London,0.5357319485657766,0.5355374419136131,0.4357396773311458,0.6680437926048339,0.5747316988046417,0.3152246814218645,0.5425892679034512,0.5516907041570719,0.8636310566258028,United Kingdom
161,Chiang Mai,0.5265207715133531,0.181838957873086,0.8299152310637135,0.9485643462094611,0.22999738242736234,0.3040465012295998,0.18232595252343914,0.7723912253060234,0.7197898423817864,Thailand
162,Wroclaw,0.5236152324431256,0.2699017292603032,0.7842493847415918,0.3844247056393306,0.19780123898438173,0.32662642521797447,0.3261520047875524,0.5738698339595201,0.7485113835376532,Poland
163,Poznan,0.52324431256182,0.2421726213148472,0.7759092152037189,0.33381532741169173,0.19666695750807084,0.3230494075564498,0.2864552164372632,0.5404193431099261,0.7370694687682428,Poland
164,Turin,0.5215751730959446,0.37106726594042805,0.4703308722996993,0.5845899607519107,0.45798795916586676,0.15157612340710933,0.2559345701176941,0.7022179129802449,0.8333917104495037,Italy
165,Astana (Nur-Sultan),0.5172477744807122,0.23653538508417762,0.6955154498222588,0.5763272051229085,0.09964226507285573,0.13615023474178403,0.3060043885896669,0.4075869591564659,0.08149445417396384,Kazakhstan
166,Johannesburg,0.5069856577645895,0.46750971280566767,0.05509980858627292,0.4408180128072712,0.21917808219178075,0.0368879946344735,0.4825453820067824,0.5851411950066658,0.9001751313485113,South Africa
167,Lodz,0.5062438180019782,0.269368477184429,0.5802570412906756,0.30737450939888444,0.17825669662333127,0.22445785826067516,0.2754837422700978,0.5635680523572901,0.7325160537069468,Poland
168,Budapest,0.5055637982195846,0.31210482212234325,0.6648892534864645,0.2102871307581078,0.21385568449524472,0.2937625754527163,0.44863355276281675,0.49424312204581267,0.7487448920023351,Hungary
169,Seoul,0.5053165182987143,0.45730174449607663,0.7979217938200713,0.8925841768229703,0.5888665910479015,0.6105522021014979,0.5074805505685218,0.539086171373167,0.6317571511967309,South Korea
170,Sarajevo,0.5050074183976261,0.32878799421040594,0.5143560295324037,0.363354678785375,0.16979321176162637,0.18063939190699754,0.24017554358667464,0.6602836019876378,0.7460595446584939,Bosnia And Herzegovina
171,Monterrey,0.504265578635015,0.28041441304182224,0.4770303527481543,0.5719892584176822,0.16656487217520283,0.10887547507265816,0.29622980251346503,0.711792509998788,0.7716287215411559,Mexico
172,Montevideo,0.4965999010880317,0.16888855031614228,0.41905933825540065,0.5905804585829375,0.25957595323270216,0.3398166778448468,0.42349890285258346,0.4376439219488548,0.9779334500875658,Uruguay
173,Lviv,0.4936943620178042,0.14801554048906831,0.591331692644244,0.41644288370171445,0.07180874269260967,0.22736418511066397,0.3321364452423699,0.4793358380802327,0.6460011675423234,Ukraine
174,Sofia,0.49035608308605344,0.2839186409689952,0.5868197976483458,0.37719479446395376,0.20120408341331464,0.18488710038005812,0.2814681827249153,0.6716761604653982,0.7207238762405138,Bulgaria
175,Krakow (Cracow),0.48911968348170126,0.2827759579492648,0.7998359310910583,0.41127866143358816,0.1933513655003926,0.3333333333333333,0.2812687013764214,0.695794449157678,0.6956217162872154,Poland
176,Coimbatore,0.48831602373887245,0.2025596099641959,0.6279737489745695,0.6920057839289404,0.030974609545414866,0.23496534764140398,0.6161978854977062,0.5932614228578355,0.7451255107997664,India
177,Athens,0.4865850642927794,0.24026814961529666,0.44271260596117046,0.3612889898781242,0.3499694616525608,0.2146210596914822,0.43087971274685827,0.5325415101199855,0.944541739638062,Greece
178,Guadalajara,0.48256676557863504,0.20621619562733298,0.30749248017500697,0.8264821317909525,0.12320041881162197,0.16946121171473286,0.4773588669459406,0.6343473518361412,0.917104495037945,Mexico
179,Detroit,0.47873392680514354,0.4784794697950787,0.15326770576975665,0.49493906217723627,0.4262280778291597,0.0,0.5904647915419909,0.547085201793722,0.6042031523642732,"MI, United States"
180,Paris,0.4770647873392681,0.4534166222289936,0.4305441618813236,0.8380499896715554,0.6399965099031497,0.43416051866756084,0.48174745661280677,0.6205308447460915,0.8652656158785756,France
181,Thessaloniki,0.4723046488625124,0.188695055991468,0.5072463768115943,0.3499277008882462,0.3662856644271878,0.2161860049183993,0.22720925593457014,0.6111986425887772,0.8652656158785756,Greece
182,San Jose,0.47156280909990106,0.26091262283842465,0.4010117582718076,0.5013426977897129,0.27222755431463214,0.162754303599374,0.945741073209655,0.4679432796024725,0.9947460595446584,Costa Rica
183,Medellin,0.46896636993076174,0.1353698484040527,0.4554279464041565,0.7688494112786615,0.09554140127388533,0.3478649675832774,0.44883303411131065,0.6004120712640892,0.9980151780502045,Colombia
184,Milan,0.4682245301681504,0.311495391178487,0.5622094613070824,0.6810576327205122,0.5476834482156879,0.3644086742678292,0.39916217833632556,0.6551933099018302,0.8621132516053707,Italy
185,Bucharest,0.4615479723046489,0.2935171783347299,0.775225594749795,0.32121462507746323,0.19160631707529885,0.20232506147999105,0.5074805505685218,0.7534844261301662,0.7160537069468768,Romania
186,Yerevan,0.4592606330365974,0.1317894416088977,0.8321028165162705,0.2993183226606073,0.09676293517145096,0.3630672926447574,0.33592659086375437,0.5293903769240093,0.5737302977232924,Armenia
187,Pune,0.45511869436201785,0.2936695360706939,0.5928356576428768,0.5653790539144805,0.050344647063956,0.25083836351441985,0.5489726710552565,0.7005211489516423,0.7009924109748977,India
188,Hyderabad,0.4533877349159248,0.29092709682334117,0.5567404976756906,0.5573228671762034,0.05313672454410606,0.15828303152246814,0.5204468382206264,0.7591807053690462,0.691885580852306,India
189,Ahmedabad,0.44831849653808115,0.19951245524491504,0.7414547443259504,0.639330716794051,0.0511299188552482,0.1938296445338699,0.4197087572311989,0.7088837716640408,0.40852305896088736,India
190,Bangalore,0.44559841740850653,0.44457987354307915,0.41796554552912235,0.5629002272257799,0.06360701509466887,0.14866979655712048,0.7247157390783963,0.8470488425645377,0.8769410391126677,India
191,Amman,0.4406528189910979,0.1640892816332749,0.6283839212469239,0.5484404048750258,0.29604746531716253,0.16834339369550635,0.519249950129663,0.7556659798812265,0.8729713952130764,Jordan
192,Tbilisi,0.43663452027695354,0.13232269368477184,0.8377085042384471,0.2941541003924808,0.06866765552744086,0.3024815560026827,0.41811290644324767,0.7418494727911769,0.8163455925277292,Georgia
193,Istanbul,0.4284742828882295,0.1801630227774815,0.5083401695378726,0.6248708944432968,0.11997207922519848,0.2190923317683881,0.7243167763814085,0.6799175857471822,0.9193228254524226,Turkey
194,Belgrade,0.42365232443125617,0.19943627637693304,0.6308449548810502,0.29725263375335675,0.18977401622895035,0.4073328862061256,0.38599640933572715,0.6114410374500061,0.8156450671336836,Serbia
195,Quito,0.41988130563798215,0.14314009293821892,0.34659557013945863,0.5963643875232392,0.20129133583456937,0.24346076458752514,0.5360063834031519,0.6374984850321174,0.9887915936952714,Ecuador
196,Porto Alegre,0.4192012858555885,0.15510017521139635,0.1320754716981132,0.48646973765750867,0.09615216822266814,0.33266264252179745,0.3066028326351487,0.5222397285177555,0.9861062463514301,Brazil
197,Minsk,0.4175321463897132,0.1789441608897692,0.313508340169538,0.14149969014666397,0.09754820696274319,0.3539011848871003,0.2691003391182925,0.34007999030420555,0.5848219497956801,Belarus
198,Kharkiv,0.4164812067260139,0.15258627256798962,0.4961717254580258,0.1724850237554224,0.08088299450309744,0.19450033534540576,0.42309994015559554,0.5194521876136227,0.5962638645650904,Ukraine
199,Kuwait City,0.4136993076162216,0.42279271730022083,0.7238173366147117,0.41499690146663903,0.24858214815461122,0.333109769729488,0.3183722321962897,0.6486486486486487,0.06935201401050789,Kuwait
200,Kuala Lumpur,0.41122650840751734,0.3971204387902796,0.2707136997538967,0.5829374096261104,0.1847133757961783,0.20076011625307397,0.49990025932575316,0.6478002666343475,0.4935201401050787,Malaysia
201,Rome,0.41036102868447083,0.30136360173687815,0.44503691550451197,0.41995455484404043,0.5052787714859087,0.35725463894477977,0.5060841811290644,0.6458611077445158,0.9272621132516055,Italy
202,Odessa (Odesa),0.4076409495548962,0.1726974937152434,0.42070002734481826,0.24292501549266676,0.08873571241601952,0.21998658618376926,0.3873927787751846,0.6158041449521271,0.7556333917104495,Ukraine
203,Kiev (Kyiv),0.4038081107814046,0.21421497676544524,0.5202351654361499,0.3526130964676719,0.09632667306517756,0.24033087413369103,0.5264312786754439,0.6353169312810569,0.6499708114419148,Ukraine
204,Panama City,0.4008407517309595,0.16149920012188618,0.5185944763467324,0.4081801280727122,0.32885437570892584,0.24189581936060806,0.36684619988031125,0.6223488062053085,0.6253356684179802,Panama
205,Gurgaon,0.3988625123639961,0.4960006094309438,0.37216297511621554,0.5294360669283205,0.10636070150946686,0.13123183545718756,0.4314781567923401,0.9511574354623682,0.532282545242265,India
206,Buenos Aires,0.39750247279920875,0.19402757675020946,0.30216024063439983,0.607105969840942,0.16019544542361047,0.5155376704672479,0.6241771394374627,0.4692764513392317,0.9807355516637477,Argentina
207,Chennai,0.393236894164194,0.2881084787080064,0.6078753076292044,0.6750671348894854,0.04676729779251371,0.27162977867203214,0.6271693596648713,0.7463337777239123,0.4546409807355516,India
208,Lahore,0.390084075173096,0.12005789593966631,0.6168990976210009,0.5329477380706464,0.014309397085769116,0.2497205454951934,0.34031518053062043,0.7932371833717127,0.6220665499124344,Pakistan
209,Saint Petersburg,0.3900222551928783,0.22343261979126985,0.6186765108012033,0.4170625903738896,0.13497949568100515,0.3306505700871898,0.6167963295431877,0.5933826202884499,0.5412726211325161,Russia
210,Baku,0.3861894164193868,0.12813285594576063,0.742411812961444,0.09832679198512695,0.10260884739551518,0.3302034428794992,0.41172950329144237,0.7710580535692643,0.9004086398131932,Azerbaijan
211,Moscow,0.38588031651829874,0.27919555115410977,0.6277003007929999,0.5042346622598637,0.17956548294215163,0.43751397272524034,0.6937961300618394,0.5352078535935039,0.4851138353765324,Russia
212,Santiago,0.38173837784371917,0.17833472994591296,0.4034727919059339,0.5602148316463542,0.2594887008114474,0.3831880169908339,0.402752842609216,0.6900981699187978,0.8865148861646235,Chile
213,Belo Horizonte,0.3782764589515332,0.10497448007922602,0.28561662564943946,0.48998140879983465,0.09780996422650728,0.47149564050972503,0.5411928984639938,0.4765482971760999,0.9833041447752482,Brazil
214,Skopje,0.37796735905044515,0.1752113963586501,0.5634399781241456,0.3600495765337741,0.14422825233400222,0.26626425217974514,0.23917813684420514,0.8432917222154892,0.7241097489784004,North Macedonia
215,Hong Kong,0.3579995054401583,0.4009293821893807,0.8606781514902928,0.5664118983681059,0.515312799930198,0.9756315671808629,0.5120686215838821,0.6539813355956854,0.8098073555166375,Hong Kong
216,Guatemala City,0.33914441147378843,0.11838196084406183,0.30626196335794376,0.47469531088618044,0.22109763545938393,0.2736418511066398,0.6299620985437862,0.7155496303478366,0.9995329830706363,Guatemala
217,Dnipro,0.33796983184965385,0.16744115182448388,0.4280831282471973,0.25552571782689526,0.07189599511386441,0.18086295551084283,0.31577897466586874,0.8354138892255485,0.644950379451255,Ukraine
218,Hanoi,0.33784619188921866,0.15159594728422332,0.6462947771397322,0.3431109274943194,0.14536253381031322,0.36686787391012743,0.24496309595052873,0.9200096957944492,0.7561004086398132,Vietnam
219,Noida,0.3257294757665678,0.3450902719585587,0.3370248837845229,0.5755009295600082,0.06753337405112991,0.12407780013413816,0.5655296229802516,0.9620652042176707,0.5209573847051955,India
220,Shenzhen,0.3247403560830861,0.34196693837129577,0.7094613070823079,0.3891757901260069,0.26123374923654125,1.0,0.4203072012766807,0.5962913586231973,0.7883245767659077,China
221,Tirana,0.30551434223541046,0.13415098651634036,0.6256494394312279,0.20367692625490608,0.18532414274496112,0.32774424323720097,0.4651905046878118,0.9035268452308811,0.8423817863397549,Albania
222,Shanghai,0.3014960435212661,0.35126076026510245,0.6885425211922344,0.4523858706878745,0.2751068842160369,0.7708473060585737,0.6397366846199881,0.7763907405163012,0.8098073555166375,China
223,Kolkata,0.2956849653808112,0.21710977374876209,0.5039649986327592,0.4040487502582111,0.05025739464270132,0.20836127878381397,0.8783163774187115,0.7836625863531694,0.54430823117338,India
224,Yekaterinburg,0.2904302670623145,0.26548335491734587,0.5140825813508342,0.2470563933071679,0.09597766338015878,0.181757209926224,0.43726311589866357,0.7698460792631197,0.08231173380035026,Russia
225,Mexico City,0.28993570722057377,0.21581473299306767,0.2109652720809407,0.5403842181367486,0.17136375534421078,0.27610105074893804,0.6981847197287054,0.8448672888134772,0.9117338003502626,Mexico
226,Kathmandu,0.28635014836795253,0.08204464081663745,0.6689909762100084,0.36851890105350127,0.0899572463135852,0.42566510172143973,0.41033313385198494,1.0,0.9148861646234676,Nepal
227,Novosibirsk,0.28319732937685466,0.1910566008989106,0.5210555099808587,0.3234868828754389,0.09641392548643224,0.21573887771070865,0.46838220626371446,0.678584414010423,0.021716287215411578,Russia
228,Beirut,0.2809718100890208,0.11503009065285291,0.5157232704402517,0.5521586449080769,0.5475961957944332,0.3380281690140845,0.46758428086973874,0.9724881832505152,0.9394045534150612,Lebanon
229,Casablanca,0.2779426310583581,0.15936619181838954,0.4034727919059339,0.10617640983267917,0.16516883343512778,0.30874133691035094,0.6279672850588471,0.8426857350624168,0.9784004670169293,Morocco
230,Karachi,0.2680514342235411,0.1360554582158909,0.4131802023516544,0.38566411898368114,0.011342814763109665,0.2532975631567181,0.5056852184320768,0.9252211853108716,0.665966141272621,Pakistan
231,Bogota,0.26601137487636,0.09811838196084405,0.2990155865463495,0.5279900846932453,0.1087165168833435,0.5434831209479096,0.6886096150009975,0.6858562598472914,0.9671920607122009,Colombia
232,Almaty,0.26557863501483686,0.188923592595414,0.25813508340169544,0.18446601941747576,0.07939970334176771,0.22468142186452045,0.3965689208059047,0.788995273300206,0.5139521307647402,Kazakhstan
233,Sao Paulo,0.26471315529179035,0.17559229069856017,0.19551544982225874,0.39619913241065907,0.1367245441060989,0.3626201654370668,0.6812288051067226,0.8046297418494729,0.9896088733216579,Brazil
234,Bangkok,0.26057121661721067,0.15037708539651098,0.5961170358217119,0.7965296426358193,0.3015443678562079,0.6078694388553543,0.5731099142230203,0.7693612895406617,0.5150029188558085,Thailand
235,Lima,0.2379451038575668,0.1317894416088977,0.20139458572600497,0.40632100805618676,0.15993368815984643,0.3380281690140845,0.6688609615000998,0.8617137316688888,0.9738470519556333,Peru
236,Recife,0.23571958456973297,0.08714862497143294,0.11744599398414005,0.4755215864490807,0.0940581101125556,0.3914598703331097,0.5856772391781369,0.6907041570718702,0.7589025102159953,Brazil
237,Cairo,0.22867210682492584,0.0924049668621924,0.474569319114028,0.12497417888865925,0.10025303202163854,0.2595573440643863,0.6752443646519051,0.9511574354623682,0.8659661412726212,Egypt
238,Colombo,0.21909000989119687,0.07770244534166221,0.6089691003554828,0.6779590993596363,0.11726725416630307,0.7247932036664431,0.9289846399361661,0.5741122288207491,0.5234092235843549,Sri Lanka
239,Caracas,0.20950791295746785,0.04387902795764455,0.0,0.0,0.25957595323270216,0.3091884641180416,0.38559744663873935,0.7298509271603443,1.0,Venezuela
240,Mumbai,0.2079005934718101,0.24042050735126078,0.5678151490292591,0.5577360049576534,0.08140650903062557,0.7355242566510172,0.7666068222621185,0.8402617864501274,0.667834208990076,India
241,Ho Chi Minh City,0.2070969337289813,0.12744724613392244,0.41618813234891994,0.4247056393307167,0.15792688247098852,0.4605410239213055,0.2942349890285259,0.9615804144952129,0.5739638061879743,Vietnam
242,Beijing,0.20635509396636997,0.3546888093242935,0.69469510527755,0.5395579425738486,0.23505802286013433,0.8976078694388553,0.5842808697386794,0.8674100109077687,0.5062463514302393,China
243,Nairobi,0.2037586547972305,0.11899139178791804,0.32813781788351115,0.36562693658335044,0.15382601867201812,0.5287279230941202,0.8190704169160183,0.810326021088353,0.9983654407472271,Kenya
244,Delhi,0.20165677546983185,0.24506741829816406,0.34864643150123065,0.5847965296426358,0.062385481197103215,0.3630672926447574,0.8092958308398166,0.9380681129560053,0.5209573847051955,India
245,Rio de Janeiro,0.17457962413452033,0.10550773215510018,0.09789444900191416,0.10039248089237762,0.10967629351714508,0.4931813100827185,0.7073608617594256,0.6560416919161314,0.8632807939287799,Brazil
246,Jakarta,0.1499134520276954,0.10756456159061475,0.4248017500683622,0.3678991943813261,0.19631794782305206,0.5001117818019226,0.7265110712148415,0.8611077445158164,0.5776999416228837,Indonesia
247,Dhaka,0.0780786350148368,0.10086082120819684,0.2698933552091879,0.03780210700268538,0.12276415670534857,0.36060809300245916,0.8549770596449233,0.9626711913707429,0.6656158785755985,Bangladesh
248,Lagos,0.049765084075173105,0.0,0.2715340442986055,0.15926461474901876,0.12930808829945029,0.30628213726805276,1.0,0.9064355835656284,0.5425569176882662,Nigeria
249,Tehran,0.010818496538081146,0.04357431248571646,0.42083675143560306,0.2811402602768023,0.16656487217520283,0.9926224010731053,0.7239178136844204,0.8265664767906922,0.6621132516053706,Iran
250,Manila,0.0,0.062314314009293825,0.27741318020235173,0.4891551332369346,0.19806299624814583,0.7958864296892465,0.7682026730500697,0.9283723185068478,0.5481611208406304,Philippines
